Scientific_name,MinAgeAdlt,temperature,MaxAgeAdlt,EggsPerSpawn,AdltNaturalMort,VonBertK,LengthAsymptotic,WeightAsymptotic,Species
Gadus morhua,3.398946577864316,468.8890441560565,14.010888052686296,2541258.4578298186,0.23960014566175458,0.16010124489504005,110.0797613386611,12771.753771795935,Atlantic cod
Scomber scombrus,1.7395285550416575,116332.0527669156,13.731111833516747,243195.74993414737,0.46335155504113246,0.32209173316066186,41.008975801137474,640.8050366319533,Atlantic mackerel
Centropristis striata,2.097934968423502,147523587.5517554,10.043668351131082,50549.09248844367,0.6283747031122021,0.26687527767051866,32.07404164476639,305.2641473292723,Black sea bass
Melanogrammus aeglefinus,2.8642200886931155,6542.331139406944,15.116281170713576,718172.8318959211,0.34115724419705773,0.231459456826351,67.8561599278544,2815.240350002341,Haddock
Stenotomus chrysops,2.1948741190140333,6580065.199185047,13.729801862213314,20241.052714627665,0.436018876785336,0.20959626690821792,40.6926964987945,820.5174930165934,Scup
Limanda ferruginea,4.143239530400065,7537.887811614356,15.205528076404367,862098.6584055411,0.3277182676510705,0.18671406085073458,50.40035826586943,1603.3578934224868,Yellowtail flounder
